"ONTOLOGY","ID","Description","GeneRatio","BgRatio","pvalue","p.adjust","qvalue","geneID","Count"
"BP","GO:0006958","complement activation, classical pathway","47/3193","91/17913",2.28230682648133e-13,1.38832724254859e-09,1.32013431700157e-09,"IGHV2-5/IGHV3-23/IGLV2-11/CR2/IGKV3-20/IGHG4/IGLV3-21/C1R/C1RL/C1S/IGLV6-57/IGKV2D-28/C4BPB/IGLV1-44/IGHV1-69/IGKV4-1/IGLC3/IGHG3/IGKV1-16/IGHG2/IGHV4-39/C3/IGKV2-28/IGHV3-7/SERPING1/IGLV3-27/IGHV4-59/IGLC7/IGHG1/IGKV2D-30/IGLV1-47/IGLV2-23/IGLV2-14/IGKV2-30/IGHV3-48/IGHV3-53/IGLV3-1/IGKV3D-20/IGHV3-33/IGLC6/IGKV2-29/C7/IGKV1-39/IGHV4-34/IGHV3-13/IGKV1D-33/IGLV3-25",47
"BP","GO:0002455","humoral immune response mediated by circulating immunoglobulin","50/3193","104/17913",1.39513630647673e-12,4.24330707614898e-09,4.03488105478402e-09,"BCL3/IGHV2-5/IGHV3-23/IGLV2-11/LTA/CR2/IGKV3-20/IGHG4/IGLV3-21/C1R/C1RL/C1S/IGLV6-57/IGKV2D-28/C4BPB/IGLV1-44/IGHV1-69/IGKV4-1/IGLC3/IGHG3/IGKV1-16/IGHG2/IGHV4-39/C3/IGKV2-28/IGHV3-7/SERPING1/IGLV3-27/IGHV4-59/IGLC7/IGHG1/IGKV2D-30/IGLV1-47/IGLV2-23/IGLV2-14/IGKV2-30/FCER2/IGHV3-48/IGHV3-53/IGLV3-1/IGKV3D-20/IGHV3-33/IGLC6/IGKV2-29/C7/IGKV1-39/IGHV4-34/IGHV3-13/IGKV1D-33/IGLV3-25",50
"BP","GO:0030449","regulation of complement activation","51/3193","116/17913",5.54730068873858e-11,1.12480766965323e-07,1.06955850121468e-07,"IGHV2-5/IGHV3-23/IGLV2-11/CR2/IGKV3-20/IGHG4/IGLV3-21/C1R/C1S/IGLV6-57/IGKV2D-28/C4BPB/IGLV1-44/IGHV1-69/IGKV4-1/IGLC3/IGHG3/IGKV1-16/IGHG2/IGHV4-39/C3/IGKV2-28/IGHV3-7/CFHR1/SERPING1/IGLV3-27/IGHV4-59/IGLC7/IGHG1/IGKV2D-30/IGLV1-47/IGLV2-23/IGLV2-14/IGKV2-30/IGHV3-48/IGHV3-53/IGLV3-1/IGKV3D-20/PROS1/C5AR2/IGHV3-33/IGLC6/IGKV2-29/C7/IGKV1-39/IGHV4-34/IGHV3-13/CFH/IGKV1D-33/IGLV3-25/CD19",51
"BP","GO:2000257","regulation of protein activation cascade","51/3193","117/17913",8.14253938901846e-11,1.23827667758498e-07,1.17745405112254e-07,"IGHV2-5/IGHV3-23/IGLV2-11/CR2/IGKV3-20/IGHG4/IGLV3-21/C1R/C1S/IGLV6-57/IGKV2D-28/C4BPB/IGLV1-44/IGHV1-69/IGKV4-1/IGLC3/IGHG3/IGKV1-16/IGHG2/IGHV4-39/C3/IGKV2-28/IGHV3-7/CFHR1/SERPING1/IGLV3-27/IGHV4-59/IGLC7/IGHG1/IGKV2D-30/IGLV1-47/IGLV2-23/IGLV2-14/IGKV2-30/IGHV3-48/IGHV3-53/IGLV3-1/IGKV3D-20/PROS1/C5AR2/IGHV3-33/IGLC6/IGKV2-29/C7/IGKV1-39/IGHV4-34/IGHV3-13/CFH/IGKV1D-33/IGLV3-25/CD19",51
"BP","GO:0006959","humoral immune response","93/3193","276/17913",1.3046986943721e-10,1.5872964315731e-07,1.50933038433152e-07,"CHGA/IL6/PGLYRP1/BCL2/CXCL13/S100A8/BCL3/IGHV2-5/S100A9/IGHV3-23/IGLV2-11/LTA/CR2/IGKV3-20/IGHG4/IGLV3-21/C1R/C1RL/C1S/IGLV6-57/IGKV2D-28/C4BPB/KRT6A/IGLV1-44/IGHV1-69/IGKV4-1/IGLC3/CCL13/IGHG3/IGKV1-16/IGHG2/HIST1H2BK/IGHV4-39/C3/SLPI/IGKV2-28/IL7/S100A12/IGHV3-7/PGLYRP4/DEFA3/CFHR1/SLC11A1/CCR7/SERPING1/PRTN3/IGHA2/RNASE3/AZU1/DMBT1/DEFB1/IGLV3-27/IGHV4-59/KLK3/IGLC7/DEFA4/LCN2/IGHG1/IGKV2D-30/IGLV1-47/IGLV2-23/IGLV2-14/MS4A1/ELANE/IGKV2-30/IGHA1/HIST1H2BC/BPIFA1/FCER2/IGHV3-48/IGHV3-53/IGLV3-1/IGKV3D-20/PROS1/C5AR2/TREM2/CD83/IGHV3-33/TREM1/IGLC6/IGKV2-29/HIST2H2BE/C7/IGKV1-39/IGHV4-34/IGHV3-13/BPIFB1/PLA2G2A/CFH/IGKV1D-33/FCN1/IGLV3-25/CD19",93
"BP","GO:0002920","regulation of humoral immune response","55/3193","135/17913",3.44268672470904e-10,3.07577945815352e-07,2.92470095651446e-07,"CXCL13/IGHV2-5/IGHV3-23/IGLV2-11/LTA/CR2/IGKV3-20/IGHG4/IGLV3-21/C1R/C1S/IGLV6-57/IGKV2D-28/C4BPB/IGLV1-44/IGHV1-69/IGKV4-1/IGLC3/IGHG3/IGKV1-16/IGHG2/IGHV4-39/C3/IGKV2-28/IGHV3-7/CFHR1/CCR7/SERPING1/IGLV3-27/IGHV4-59/IGLC7/IGHG1/IGKV2D-30/IGLV1-47/IGLV2-23/IGLV2-14/IGKV2-30/FCER2/IGHV3-48/IGHV3-53/IGLV3-1/IGKV3D-20/PROS1/C5AR2/IGHV3-33/IGLC6/IGKV2-29/C7/IGKV1-39/IGHV4-34/IGHV3-13/CFH/IGKV1D-33/IGLV3-25/CD19",55
"BP","GO:0006956","complement activation","53/3193","128/17913",3.53944701743788e-10,3.07577945815352e-07,2.92470095651446e-07,"IGHV2-5/IGHV3-23/IGLV2-11/CR2/IGKV3-20/IGHG4/IGLV3-21/C1R/C1RL/C1S/IGLV6-57/IGKV2D-28/C4BPB/IGLV1-44/IGHV1-69/IGKV4-1/IGLC3/IGHG3/IGKV1-16/IGHG2/IGHV4-39/C3/IGKV2-28/IGHV3-7/CFHR1/SERPING1/IGLV3-27/IGHV4-59/IGLC7/IGHG1/IGKV2D-30/IGLV1-47/IGLV2-23/IGLV2-14/IGKV2-30/IGHV3-48/IGHV3-53/IGLV3-1/IGKV3D-20/PROS1/C5AR2/IGHV3-33/IGLC6/IGKV2-29/C7/IGKV1-39/IGHV4-34/IGHV3-13/CFH/IGKV1D-33/FCN1/IGLV3-25/CD19",53
"BP","GO:1903317","regulation of protein maturation","65/3193","175/17913",9.30682421896091e-10,7.07667646549241e-07,6.72907882673556e-07,"IGHV2-5/IGHV3-23/IGLV2-11/CR2/NKD2/IGKV3-20/TFR2/IGHG4/THBS1/IGLV3-21/C1R/C1S/IGLV6-57/PRNP/IGKV2D-28/C4BPB/IGLV1-44/IGHV1-69/IGKV4-1/IGLC3/PRKACB/SIRT4/IGHG3/GAS1/IGKV1-16/IGHG2/IGHV4-39/C3/IGKV2-28/IGHV3-7/CFHR1/TMEM59/SERPING1/IGLV3-27/IGHV4-59/IGLC7/SERPINF2/IGHG1/IGKV2D-30/MMP14/IGLV1-47/LDLRAD3/IGLV2-23/IGLV2-14/IGKV2-30/IGHV3-48/IGHV3-53/IGLV3-1/IGKV3D-20/PROS1/C5AR2/IGHV3-33/IGLC6/IGKV2-29/C7/USP17L2/IGKV1-39/IGHV4-34/IGHV3-13/IL1R2/MDM2/CFH/IGKV1D-33/IGLV3-25/CD19",65
"BP","GO:0070613","regulation of protein processing","64/3193","173/17913",1.50927114995672e-09,1.0200996005763e-06,9.69993563627154e-07,"IGHV2-5/IGHV3-23/IGLV2-11/CR2/NKD2/IGKV3-20/IGHG4/THBS1/IGLV3-21/C1R/C1S/IGLV6-57/PRNP/IGKV2D-28/C4BPB/IGLV1-44/IGHV1-69/IGKV4-1/IGLC3/PRKACB/SIRT4/IGHG3/GAS1/IGKV1-16/IGHG2/IGHV4-39/C3/IGKV2-28/IGHV3-7/CFHR1/TMEM59/SERPING1/IGLV3-27/IGHV4-59/IGLC7/SERPINF2/IGHG1/IGKV2D-30/MMP14/IGLV1-47/LDLRAD3/IGLV2-23/IGLV2-14/IGKV2-30/IGHV3-48/IGHV3-53/IGLV3-1/IGKV3D-20/PROS1/C5AR2/IGHV3-33/IGLC6/IGKV2-29/C7/USP17L2/IGKV1-39/IGHV4-34/IGHV3-13/IL1R2/MDM2/CFH/IGKV1D-33/IGLV3-25/CD19",64
"BP","GO:0002526","acute inflammatory response","74/3193","220/17913",1.07157564251454e-08,6.51839463341596e-06,6.19821911117622e-06,"IL6/S100A8/SERPINA3/IGHV2-5/IGHV3-23/IGLV2-11/CR2/IGKV3-20/TFR2/IGHG4/IGLV3-21/C1R/TAC1/OSMR/C1S/IGLV6-57/IGKV2D-28/C4BPB/IGLV1-44/IGHV1-69/IGKV4-1/IGLC3/F3/CD163/IGHG3/IGKV1-16/IGHG2/EIF2AK1/IGHV4-39/C3/IGKV2-28/SAA1/STAT3/FN1/APOL2/IGHV3-7/CFHR1/CCR7/SERPING1/LBP/IGLV3-27/IGHV4-59/IGLC7/SERPINF2/IGHG1/IGKV2D-30/IGLV1-47/IGLV2-23/IGLV2-14/IGKV2-30/ASH1L/CRP/IGHV3-48/IGHV3-53/IGLV3-1/IGKV3D-20/PROS1/C5AR2/PRCP/TNFRSF11A/B4GALT1/IGHV3-33/TREM1/IGLC6/IGKV2-29/C7/IGKV1-39/IGHV4-34/IGHV3-13/VNN1/CFH/IGKV1D-33/IGLV3-25/CD19",74
"BP","GO:0072376","protein activation cascade","56/3193","151/17913",1.40958311300199e-08,7.79499461490099e-06,7.41211407267552e-06,"IGHV2-5/IGHV3-23/IGLV2-11/CR2/IGKV3-20/IGHG4/IGLV3-21/C1R/C1RL/C1S/IGLV6-57/IGKV2D-28/C4BPB/IGLV1-44/IGHV1-69/IGKV4-1/IGLC3/F3/IGHG3/TFPI/IGKV1-16/IGHG2/IGHV4-39/C3/IGKV2-28/IGHV3-7/CFHR1/SERPING1/IGLV3-27/IGHV4-59/IGLC7/IGHG1/IGKV2D-30/IGLV1-47/IGLV2-23/IGLV2-14/IGKV2-30/IGHV3-48/IGHV3-53/IGLV3-1/IGKV3D-20/PROS1/C5AR2/PRCP/IGHV3-33/IGLC6/IGKV2-29/C7/IGKV1-39/IGHV4-34/IGHV3-13/CFH/IGKV1D-33/FCN1/IGLV3-25/CD19",56
"BP","GO:0050900","leukocyte migration","130/3193","467/17913",4.19537143004985e-08,2.12670370074944e-05,2.02224263229157e-05,"CALCA/CHGA/SCG2/CEACAM5/IL6/EDN3/CXCL13/S100A8/CEACAM6/CXCL17/BDKRB1/IGHV2-5/S100A9/CXCL3/IGHV3-23/IGLV2-11/IGKV3-20/EDN1/PIK3CB/CCL24/CD177/THBS1/IGLV3-21/IGLV6-57/GCSAM/IL10/IGKV2D-28/VPREB3/TGFB2/SLC7A10/IGLV1-44/EPCAM/IGHV1-69/IGKV4-1/CD58/IGLC3/CEACAM1/APP/MADCAM1/ECM1/EMILIN1/CCL13/CX3CR1/CXADR/IGKV1-16/SHC1/IGHV4-39/CH25H/IGKV2-28/SYK/SAA1/S100A12/FN1/SDC2/IGHV3-7/CEACAM8/CCR7/PTAFR/PRTN3/ITGA5/ITGA9/IGHA2/LBP/AZU1/IGLV3-27/IGHV4-59/IGLC7/IL1R1/IGKV2D-30/MMP14/IGLV1-47/PIK3R2/IGLV2-23/IGLV2-14/TNFRSF10B/GBF1/ELANE/IGKV2-30/ADGRE2/ANXA1/IGHA1/PTK2B/SLC8B1/ADA/CYP19A1/CSF3R/IGHV3-48/IGHV3-53/F11R/AGER/IGLV3-1/IGKV3D-20/ATP1B3/SDC4/GCNT1/PROS1/CXCR3/C5AR2/TNFRSF10A/ATP1B2/AIRE/TREM2/CAV1/TNFRSF11A/CSF1/B4GALT1/IGHV3-33/TREM1/IGLC6/IGKV2-29/CCL21/NLRP12/IGKV1-39/OXSR1/IGHV4-34/FPR2/DAPK2/KIT/IGHV3-13/STAP1/ITGB3/MAPK14/DUSP1/SLC7A9/IGKV1D-33/APOD/CMKLR1/IGLV3-25/RIPK3/FUT7",130
"BP","GO:0002673","regulation of acute inflammatory response","57/3193","160/17913",5.45299726935022e-08,2.55158326072749e-05,2.42625263118052e-05,"IL6/IGHV2-5/IGHV3-23/IGLV2-11/CR2/IGKV3-20/IGHG4/IGLV3-21/C1R/TAC1/OSMR/C1S/IGLV6-57/IGKV2D-28/C4BPB/IGLV1-44/IGHV1-69/IGKV4-1/IGLC3/IGHG3/IGKV1-16/IGHG2/IGHV4-39/C3/IGKV2-28/IGHV3-7/CFHR1/CCR7/SERPING1/IGLV3-27/IGHV4-59/IGLC7/IGHG1/IGKV2D-30/IGLV1-47/IGLV2-23/IGLV2-14/IGKV2-30/ASH1L/IGHV3-48/IGHV3-53/IGLV3-1/IGKV3D-20/PROS1/C5AR2/TNFRSF11A/IGHV3-33/IGLC6/IGKV2-29/C7/IGKV1-39/IGHV4-34/IGHV3-13/CFH/IGKV1D-33/IGLV3-25/CD19",57
"BP","GO:0002433","immune response-regulating cell surface receptor signaling pathway involved in phagocytosis","51/3193","139/17913",9.14982536113042e-08,3.71055917811709e-05,3.52830107785345e-05,"IGHV2-5/IGHV3-23/IGLV2-11/IGKV3-20/IGHG4/PIK3CB/IGLV3-21/IGLV6-57/IGKV2D-28/ARPC1B/IGLV1-44/IGHV1-69/IGKV4-1/IGLC3/IGHG3/IGKV1-16/IGHG2/IGHV4-39/IGKV2-28/SYK/MYH2/IGHV3-7/VAV2/IGLV3-27/MYO10/IGHV4-59/IGLC7/IGHG1/IGKV2D-30/CYFIP2/IGLV1-47/PIK3R2/IGLV2-23/IGLV2-14/WIPF2/IGKV2-30/IGHV3-48/IGHV3-53/IGLV3-1/IGKV3D-20/IGHV3-33/IGLC6/PLPP4/IGKV2-29/PTK2/IGKV1-39/IGHV4-34/IGHV3-13/IGKV1D-33/FGR/IGLV3-25",51
"BP","GO:0038096","Fc-gamma receptor signaling pathway involved in phagocytosis","51/3193","139/17913",9.14982536113042e-08,3.71055917811709e-05,3.52830107785345e-05,"IGHV2-5/IGHV3-23/IGLV2-11/IGKV3-20/IGHG4/PIK3CB/IGLV3-21/IGLV6-57/IGKV2D-28/ARPC1B/IGLV1-44/IGHV1-69/IGKV4-1/IGLC3/IGHG3/IGKV1-16/IGHG2/IGHV4-39/IGKV2-28/SYK/MYH2/IGHV3-7/VAV2/IGLV3-27/MYO10/IGHV4-59/IGLC7/IGHG1/IGKV2D-30/CYFIP2/IGLV1-47/PIK3R2/IGLV2-23/IGLV2-14/WIPF2/IGKV2-30/IGHV3-48/IGHV3-53/IGLV3-1/IGKV3D-20/IGHV3-33/IGLC6/PLPP4/IGKV2-29/PTK2/IGKV1-39/IGHV4-34/IGHV3-13/IGKV1D-33/FGR/IGLV3-25",51
"BP","GO:0016064","immunoglobulin mediated immune response","59/3193","171/17913",1.17763694120599e-07,4.47722844584752e-05,4.25731249468876e-05,"BCL3/IGHV2-5/IGHV3-23/IGLV2-11/LTA/CR2/IGKV3-20/IGHG4/IGLV3-21/C1R/C1RL/C1S/IGLV6-57/IL10/IGKV2D-28/C4BPB/IGLV1-44/IGHV1-69/IGKV4-1/IGLC3/IGHG3/IGKV1-16/IGHG2/IGHV4-39/C3/IGKV2-28/IGHV3-7/SERPING1/PAXIP1/CLCF1/IGLV3-27/IGHV4-59/IGLC7/IGHG1/IGKV2D-30/CD27/IGLV1-47/IGLV2-23/IGLV2-14/BCL10/IGKV2-30/BCL6/FCER2/IGHV3-48/IGHV3-53/FOXP3/IGLV3-1/IGKV3D-20/IGHV3-33/IGLC6/IGKV2-29/C7/IGKV1-39/IGHV4-34/IGHV3-13/TCIRG1/IGKV1D-33/IGLV3-25/CD19",59
"BP","GO:0038094","Fc-gamma receptor signaling pathway","51/3193","141/17913",1.54744589510094e-07,5.53712551758767e-05,5.26514872667473e-05,"IGHV2-5/IGHV3-23/IGLV2-11/IGKV3-20/IGHG4/PIK3CB/IGLV3-21/IGLV6-57/IGKV2D-28/ARPC1B/IGLV1-44/IGHV1-69/IGKV4-1/IGLC3/IGHG3/IGKV1-16/IGHG2/IGHV4-39/IGKV2-28/SYK/MYH2/IGHV3-7/VAV2/IGLV3-27/MYO10/IGHV4-59/IGLC7/IGHG1/IGKV2D-30/CYFIP2/IGLV1-47/PIK3R2/IGLV2-23/IGLV2-14/WIPF2/IGKV2-30/IGHV3-48/IGHV3-53/IGLV3-1/IGKV3D-20/IGHV3-33/IGLC6/PLPP4/IGKV2-29/PTK2/IGKV1-39/IGHV4-34/IGHV3-13/IGKV1D-33/FGR/IGLV3-25",51
"BP","GO:0019724","B cell mediated immunity","59/3193","173/17913",1.86545213680638e-07,6.30419186010733e-05,5.99453771447429e-05,"BCL3/IGHV2-5/IGHV3-23/IGLV2-11/LTA/CR2/IGKV3-20/IGHG4/IGLV3-21/C1R/C1RL/C1S/IGLV6-57/IL10/IGKV2D-28/C4BPB/IGLV1-44/IGHV1-69/IGKV4-1/IGLC3/IGHG3/IGKV1-16/IGHG2/IGHV4-39/C3/IGKV2-28/IGHV3-7/SERPING1/PAXIP1/CLCF1/IGLV3-27/IGHV4-59/IGLC7/IGHG1/IGKV2D-30/CD27/IGLV1-47/IGLV2-23/IGLV2-14/BCL10/IGKV2-30/BCL6/FCER2/IGHV3-48/IGHV3-53/FOXP3/IGLV3-1/IGKV3D-20/IGHV3-33/IGLC6/IGKV2-29/C7/IGKV1-39/IGHV4-34/IGHV3-13/TCIRG1/IGKV1D-33/IGLV3-25/CD19",59
"BP","GO:0002431","Fc receptor mediated stimulatory signaling pathway","51/3193","142/17913",2.00042591143517e-07,6.40452148382113e-05,6.08993927054641e-05,"IGHV2-5/IGHV3-23/IGLV2-11/IGKV3-20/IGHG4/PIK3CB/IGLV3-21/IGLV6-57/IGKV2D-28/ARPC1B/IGLV1-44/IGHV1-69/IGKV4-1/IGLC3/IGHG3/IGKV1-16/IGHG2/IGHV4-39/IGKV2-28/SYK/MYH2/IGHV3-7/VAV2/IGLV3-27/MYO10/IGHV4-59/IGLC7/IGHG1/IGKV2D-30/CYFIP2/IGLV1-47/PIK3R2/IGLV2-23/IGLV2-14/WIPF2/IGKV2-30/IGHV3-48/IGHV3-53/IGLV3-1/IGKV3D-20/IGHV3-33/IGLC6/PLPP4/IGKV2-29/PTK2/IGKV1-39/IGHV4-34/IGHV3-13/IGKV1D-33/FGR/IGLV3-25",51
"BP","GO:0016485","protein processing","87/3193","295/17913",5.23641428229926e-07,0.000159265540396132,0.000151442613059129,"PCSK1N/ADAMTS2/IGHV2-5/IGHV3-23/IGLV2-11/CR2/NKD2/IGKV3-20/IGHG4/THBS1/IGLV3-21/C1R/PCSK1/C1S/IGLV6-57/PRNP/IGKV2D-28/KLK13/PCSK7/IFI16/C4BPB/IGLV1-44/ACE/IGHV1-69/DYNC2H1/IGKV4-1/IGLC3/PRKACB/SIRT4/F3/IGHG3/GAS1/IGKV1-16/IGHG2/IGHV4-39/C3/IGKV2-28/PMPCA/LHB/IGHV3-7/CFHR1/TMEM59/SERPING1/OMA1/IGLV3-27/IGHV4-59/IGLC7/SERPINF2/IGHG1/IGKV2D-30/CYFIP2/MMP14/IGLV1-47/LDLRAD3/IGLV2-23/IGLV2-14/IGKV2-30/ECE1/NGF/ATP6AP2/PCSK6/IGHV3-48/IGHV3-53/IGLV3-1/IGKV3D-20/ADAMTS3/COMP/PROS1/C5AR2/CAPN2/IGHV3-33/IGLC6/IGKV2-29/C7/USP17L2/IGKV1-39/IGHV4-34/TMPRSS2/IGHV3-13/IL1R2/ASPH/SCG5/MDM2/CFH/IGKV1D-33/IGLV3-25/CD19",87
"BP","GO:0050727","regulation of inflammatory response","128/3193","479/17913",6.26764091037357e-07,0.000181552665037154,0.00017263502156643,"MMP3/IL6/PGLYRP1/S100A8/SOCS3/ISL1/CXCL17/IGHV2-5/IGF1/TNFAIP6/ZYX/VPS35/S100A9/SERPINF1/IGHV3-23/IGLV2-11/LTA/CR2/TLR2/IGKV3-20/IGHG4/CCL24/IGLV3-21/C1R/TAC1/OSMR/C1S/IGLV6-57/GPER1/IL10/IGKV2D-28/C1QTNF3/C4BPB/IGLV1-44/NFKBIZ/IGHV1-69/IGKV4-1/TLR10/IGLC3/APP/MMP8/IGHG3/IGKV1-16/TLR3/IGHG2/IGHV4-39/C3/AGT/LILRA5/IGKV2-28/SPHK1/SAA1/S100A12/IL1RL1/IGHV3-7/CFHR1/CCR7/SERPING1/LBP/PPARA/IGLV3-27/IGHV4-59/TLR4/GPR17/NR1D2/IGLC7/NEAT1/IL1R1/SOD1/IGHG1/DDTL/LPL/IGKV2D-30/IGLV1-47/IL20/IGLV2-23/IGLV2-14/ELANE/IGKV2-30/MIR590/EGFR/ASH1L/ANXA1/DUOXA2/FANCA/NLRP6/ADA/CYP19A1/IGHV3-48/IGHV3-53/SBNO2/FOXP3/SUCNR1/AGER/IGLV3-1/IGKV3D-20/PROS1/C5AR2/HYAL2/APOE/TREM2/TLR9/TNFRSF11A/IGHV3-33/IGLC6/PTGIS/IGKV2-29/C7/NLRP12/TNFRSF1A/IGKV1-39/C5orf30/PER1/IGHV4-34/MIR142/FPR2/IGHV3-13/STAP1/IL1R2/PLA2G2A/MAPK14/CFH/IGKV1D-33/APOD/SNX4/IGLV3-25/LDLR/CD19",128
"BP","GO:0006909","phagocytosis","89/3193","308/17913",1.02247163364565e-06,0.000282713406703022,0.000268826872099658,"CEACAM4/IGHV2-5/IGHV3-23/IGLV2-11/TLR2/IGKV3-20/IGHG4/PIK3CB/THBS1/CORO1C/IGLV3-21/IGLV6-57/IGKV2D-28/ARPC1B/SNX3/CDC42SE1/C4BPB/IGLV1-44/IGHV1-69/IGKV4-1/IGLC3/SYT7/IGHG3/IGKV1-16/IGHG2/EIF2AK1/IGHV4-39/C3/IGKV2-28/SYK/SPHK1/MSR1/MYH2/IGHV3-7/SLC11A1/PRTN3/P2RY6/LBP/AZU1/VAV2/IGLV3-27/MYO10/IGHV4-59/TLR4/IGLC7/RARA/SOD1/IGHG1/IGKV2D-30/CYFIP2/IL15RA/IGLV1-47/PIK3R2/IGLV2-23/IGLV2-14/WIPF2/IGKV2-30/ANXA1/LRP1/CRP/SPACA3/XKR8/IGHV3-48/IGHV3-53/IGLV3-1/IGKV3D-20/ICAM3/TUSC2/TREM2/IGHV3-33/LEPR/IGLC6/ATG5/PLPP4/IGKV2-29/PTK2/IGKV1-39/IGHV4-34/FPR2/IGHV3-13/AXL/STAP1/ITGB3/CDC42SE2/IGKV1D-33/FCN1/FGR/IGLV3-25/LDLR",89
"BP","GO:0006898","receptor-mediated endocytosis","87/3193","301/17913",1.33011928272038e-06,0.00035178763464296,0.000334508258972471,"CALY/APELA/LRP2/IGHV2-5/SH3GL2/IGHV3-23/IGLV2-11/DRD2/IGKV3-20/DKK1/LRRTM1/TFR2/PIK3CB/LRP1B/IGLV3-21/IGLV6-57/CANX/IGKV2D-28/TBC1D5/FOLR1/IGLV1-44/DNM1/IGHV1-69/IGKV4-1/IGLC3/CEACAM1/ACKR3/AP2A1/CD163/IGKV1-16/IGHV4-39/SCARB2/C3/IGKV2-28/SYK/MSR1/GRIA1/SAA1/GPR107/SORL1/IGHV3-7/ANXA2/IGHA2/IGLV3-27/IGHV4-59/IGLC7/AHI1/PICK1/IGKV2D-30/IGLV1-47/LDLRAD3/IGLV2-23/IGLV2-14/IGKV2-30/IGHA1/UBQLN2/LRP1/ANKRD13A/ALB/IGHV3-48/IGHV3-53/HBA1/IGLV3-1/IGKV3D-20/MKLN1/ADM/APOE/CAV1/IGHV3-33/IGLC6/IGKV2-29/CCL21/DRD4/IGKV1-39/PDLIM7/IGHV4-34/ARHGAP27/FPR2/IGHV3-13/FCHO1/ITGB3/IGKV1D-33/LMBR1L/CLTCL1/IGLV3-25/LDLR/SLC9B2",87
"BP","GO:0051604","protein maturation","97/3193","353/17913",3.91597932956106e-06,0.000992537594238331,0.00094378536912009,"PCSK1N/ADAMTS2/IGHV2-5/IGHV3-23/IGLV2-11/CR2/NKD2/IGKV3-20/TFR2/IGHG4/THBS1/IGLV3-21/C1R/PCSK1/C1S/IGLV6-57/PRNP/LIPT1/IGKV2D-28/KLK13/PCSK7/IFI16/C4BPB/IGLV1-44/ACE/IGHV1-69/DYNC2H1/IGKV4-1/IGLC3/PRKACB/SIRT4/F3/IGHG3/GAS1/IGKV1-16/IGHG2/IGHV4-39/C3/LIPT2/IGKV2-28/PMPCA/SORL1/LHB/IGHV3-7/CFHR1/TMEM59/SERPING1/OMA1/IGLV3-27/IGHV4-59/IGLC7/SERPINF2/NNAT/IGHG1/IGKV2D-30/CYFIP2/MMP14/IGLV1-47/LDLRAD3/IGLV2-23/IGLV2-14/IGKV2-30/MMS19/ECE1/NGF/ATP6AP2/DUOXA2/MAGEF1/PCSK6/IGHV3-48/IGHV3-53/IGLV3-1/IGKV3D-20/ADAMTS3/COMP/PROS1/C5AR2/CAPN2/IGHV3-33/IGLC6/IGKV2-29/EP300/C7/USP17L2/IGKV1-39/IGHV4-34/TMPRSS2/GLRX5/IGHV3-13/IL1R2/ASPH/SCG5/MDM2/CFH/IGKV1D-33/IGLV3-25/CD19",97
"BP","GO:0002460","adaptive immune response based on somatic recombination of immune receptors built from immunoglobulin superfamily domains","83/3193","295/17913",7.24504973737121e-06,0.00176286550209716,0.00167627571818336,"IL6/PRKCQ/CXCL13/BCL3/IGHV2-5/IGHV3-23/IGLV2-11/LTA/CR2/IGKV3-20/IGHG4/IGLV3-21/C1R/C1RL/C1S/IGLV6-57/IL10/IGKV2D-28/C4BPB/IGLV1-44/NFKBIZ/IGHV1-69/IGKV4-1/IGLC3/CEACAM1/ARG1/IGHG3/IGKV1-16/IGHG2/IGHV4-39/C3/IL18BP/IGKV2-28/STAT3/IL1RL1/IGHV3-7/SLC11A1/SERPING1/PAXIP1/CLCF1/IGLV3-27/IGHV4-59/TLR4/IGLC7/IL1R1/IGHG1/IGKV2D-30/CD27/LEF1/IGLV1-47/IGLV2-23/IGLV2-14/BCL10/IGKV2-30/ANXA1/BCL6/ADA/FCER2/IGHV3-48/IGHV3-53/FOXP3/AGER/IGLV3-1/IGKV3D-20/MICA/LOXL3/AIRE/PVR/IL18R1/IGHV3-33/IGLC6/IGKV2-29/C7/IGKV1-39/IGHV4-34/IGHV3-13/CLEC4G/TCIRG1/IGKV1D-33/DUSP22/IGLV3-25/CD19/RIPK3",83
"BP","GO:0001501","skeletal system development","122/3193","479/17913",1.42560940771813e-05,0.00333537770274977,0.00317154805482232,"ADAMTS4/MEIS1/THPO/HOXB8/IGF1/HOXB9/TIMP1/PHEX/CSRNP1/CHRD/CTC1/ASXL1/COL11A1/EDN1/OSR2/SOX11/NODAL/TGFBI/HOXD3/HAS2/VDR/TGFB2/MEF2D/MATN3/COL10A1/BMPR1B/PDGFRA/ECM1/ALPL/HOXA3/SFRP2/PPARGC1B/EYA1/HIF1A/USP1/MGP/LUM/PHOSPHO1/TWIST1/TBX15/SP5/WWOX/ANXA2/P3H1/SH3PXD2B/BMP1/SULF1/WFIKKN2/RGN/HOXD8/GNAS/WNT2B/EXT1/TBX1/RARA/CHI3L1/GH1/FGFR2/NKX3-2/BMP8A/MMP14/DLX2/XYLT1/DLX1/SMAD2/HOXB5/MEX3C/PRPSAP2/SOX9/PITX1/ASH1L/SP3/HOXB6/FGF9/RYK/SETD2/ARID5B/EN1/SCIN/FGF18/MED1/SIX1/MDFI/MSX1/CDX1/FUZ/COMP/LRP5/FGFR1/RAB23/HYAL2/TGFB3/HOXD1/EP300/PLEKHA1/SERP1/COL3A1/FAM20C/FOXC1/KIT/SRF/FBXW4/HOXC5/GDF3/FOXC2/WNT10B/HOXB4/ETS2/HOXB3/TRPS1/TTC9/CHAD/MIGA2/BMP6/ESRRA/MAPK14/CMKLR1/FGR/HHIP/EPHA2/HOXA6/SLC9B2",122
"BP","GO:0038095","Fc-epsilon receptor signaling pathway","52/3193","169/17913",2.73692785432826e-05,0.00616619708810326,0.00586332107584163,"PRKCQ/IGHV2-5/IGHV3-23/IGLV2-11/IGKV3-20/PIK3CB/IGLV3-21/IGLV6-57/IGKV2D-28/IGLV1-44/IGHV1-69/IGKV4-1/IGLC3/IGKV1-16/SHC1/IGHV4-39/IGKV2-28/SYK/IGHV3-7/VAV2/IGLV3-27/IGHV4-59/IGLC7/BTRC/IGKV2D-30/TAB2/FBXW11/IGLV1-47/PIK3R2/IGLV2-23/IGLV2-14/BCL10/IGKV2-30/PSMD13/PSMD10/IGHV3-48/IGHV3-53/PSMC6/IGLV3-1/IGKV3D-20/SKP1/IGHV3-33/NFATC3/IGLC6/IGKV2-29/MAPK9/IGKV1-39/IGHV4-34/IGHV3-13/GAB2/IGKV1D-33/IGLV3-25",52
"BP","GO:0048705","skeletal system morphogenesis","60/3193","204/17913",3.14235777609964e-05,0.00682635538218911,0.00649105320697529,"HOXB8/CSRNP1/COL11A1/OSR2/SOX11/NODAL/HOXD3/HAS2/MEF2D/BMPR1B/PDGFRA/ALPL/SFRP2/PPARGC1B/EYA1/MGP/PHOSPHO1/TWIST1/TBX15/SP5/WWOX/SH3PXD2B/BMP1/HOXD8/GNAS/TBX1/RARA/FGFR2/NKX3-2/MMP14/DLX2/SMAD2/HOXB5/SOX9/HOXB6/RYK/SETD2/ARID5B/FGF18/SIX1/MDFI/MSX1/CDX1/FUZ/COMP/LRP5/FGFR1/RAB23/HYAL2/TGFB3/PLEKHA1/FOXC1/FOXC2/WNT10B/CHAD/BMP6/MAPK14/FGR/HHIP/HOXA6",60
"BP","GO:0048608","reproductive structure development","109/3193","426/17913",3.25438609376104e-05,0.00682635538218911,0.00649105320697529,"UMODL1/NTRK1/PTPRN/MMP19/VGF/FOXA1/RETN/APELA/BCL2/SOCS3/LRP2/PATZ1/FOSL1/SERPINF1/ZFP36L1/LFNG/TNC/SPP1/NODAL/IL10/FLNA/VDR/ASCL2/TGFB2/BIRC6/PLCD1/ADAMTS1/EIF2B4/TCF23/DMRTA1/BMPR1B/PDGFRA/SFRP2/TLR3/HIF1A/EIF2B5/RXRA/DNAJB6/LHB/FSTL3/SULF1/RXFP2/RBM15/DNAJC19/PRDX3/EGLN1/WNT2B/NRK/CSDE1/RARA/SOD1/LIF/FGFR2/MMP14/GDF9/SOX9/EGFR/ASH1L/LHX8/SP3/YBX3/TBC1D20/FGF9/IDH1/ADAM19/FANCA/SETD2/SMARCC1/PGR/ARID5B/STRA6/SIRT1/ADA/MGST1/CYP19A1/MED1/PLAG1/MDFI/BCL2L11/ADM/KDM5A/LHX4/DLX3/TMED2/ETNK2/REC8/SERPINA5/PTGIS/FGF10/SERPINB5/TNFSF10/PTK2/PLEKHA1/LHCGR/TCF21/ALOX15B/FOXC1/KIT/CUL7/AXL/GJB3/BMP6/MAPK14/ID4/PCYT1B/WDR77/NOS3/ASPM/SPINT2",109
"BP","GO:0061458","reproductive system development","109/3193","429/17913",4.45541133627583e-05,0.00903408905285528,0.00859034571678444,"UMODL1/NTRK1/PTPRN/MMP19/VGF/FOXA1/RETN/APELA/BCL2/SOCS3/LRP2/PATZ1/FOSL1/SERPINF1/ZFP36L1/LFNG/TNC/SPP1/NODAL/IL10/FLNA/VDR/ASCL2/TGFB2/BIRC6/PLCD1/ADAMTS1/EIF2B4/TCF23/DMRTA1/BMPR1B/PDGFRA/SFRP2/TLR3/HIF1A/EIF2B5/RXRA/DNAJB6/LHB/FSTL3/SULF1/RXFP2/RBM15/DNAJC19/PRDX3/EGLN1/WNT2B/NRK/CSDE1/RARA/SOD1/LIF/FGFR2/MMP14/GDF9/SOX9/EGFR/ASH1L/LHX8/SP3/YBX3/TBC1D20/FGF9/IDH1/ADAM19/FANCA/SETD2/SMARCC1/PGR/ARID5B/STRA6/SIRT1/ADA/MGST1/CYP19A1/MED1/PLAG1/MDFI/BCL2L11/ADM/KDM5A/LHX4/DLX3/TMED2/ETNK2/REC8/SERPINA5/PTGIS/FGF10/SERPINB5/TNFSF10/PTK2/PLEKHA1/LHCGR/TCF21/ALOX15B/FOXC1/KIT/CUL7/AXL/GJB3/BMP6/MAPK14/ID4/PCYT1B/WDR77/NOS3/ASPM/SPINT2",109
"BP","GO:0030198","extracellular matrix organization","88/3193","334/17913",5.9292085731177e-05,0.0116346373387984,0.011063158271403,"MMP3/ADAMTS4/MMP19/IL6/CAPNS2/COL6A3/ADAMTS2/HAS1/BCL3/VCAN/TIMP1/MFAP5/ELF3/COL11A1/THBS1/TNC/SPP1/ITGA11/HAS2/TGFB2/ITGAD/MATN3/COL10A1/APP/MMP8/PDGFRA/MADCAM1/EMILIN1/SFRP2/MPZL3/ADAMTSL4/LUM/AGT/FN1/DNAJB6/SH3PXD2B/BMP1/COL9A3/SULF1/ITGA5/ITGA9/CDH1/CRISPLD2/BGN/SERPINF2/FBLN2/COL6A2/MMP14/COL5A1/LAMA1/ELANE/SOX9/LAMA3/LRP1/COL5A2/ADAM19/CARMIL2/F11R/CREB3L1/DDR1/MATN4/CYP1B1/ICAM3/ADAMTS9/LOXL3/ADAMTS3/COMP/CAPN2/NOX1/LAMA2/NID1/B4GALT1/ADAMTS14/SERPINB5/PTK2/ITGAE/FERMT1/TNFRSF1A/COL3A1/ADAMTSL2/FOXC1/FOXC2/OLFML2A/TNXB/ITGB3/SCUBE3/ELN/SPINT2",88
"BP","GO:0007567","parturition","10/3193","16/17913",8.94209613519721e-05,0.0169983658720015,0.0161634270601673,"EDN1/NODAL/KALRN/CYP1A1/PTGFR/PTAFR/HPGD/NRK/ARNTL/MAFF",10
"BP","GO:0043062","extracellular structure organization","98/3193","387/17913",0.000120530641169677,0.0222178148556105,0.0211265031332497,"MMP3/ADAMTS4/MMP19/IL6/CAPNS2/COL6A3/ADAMTS2/HAS1/BCL3/VCAN/MPO/TIMP1/MFAP5/ELF3/COL11A1/THBS1/TNC/SPP1/ITGA11/HAS2/TGFB2/ITGAD/MATN3/COL10A1/APP/PRKACB/MMP8/PDGFRA/MADCAM1/EMILIN1/SFRP2/MPZL3/ADAMTSL4/LUM/AGT/FN1/DNAJB6/SH3PXD2B/BMP1/COL9A3/SULF1/ITGA5/ITGA9/CDH1/CRISPLD2/BGN/SERPINF2/FBLN2/LPL/COL6A2/MMP14/COL5A1/LAMA1/ELANE/SOX9/MTTP/LAMA3/LRP1/COL5A2/ADAM19/ALB/CARMIL2/F11R/CREB3L1/DDR1/MATN4/CYP1B1/ICAM3/ADAMTS9/LOXL3/SDC4/ADAMTS3/COMP/APOE/CAPN2/NOX1/LAMA2/NID1/B4GALT1/ADAMTS14/ABCA5/SERPINB5/PTK2/ITGAE/FERMT1/TNFRSF1A/ACSL3/COL3A1/ADAMTSL2/FOXC1/FOXC2/OLFML2A/TNXB/ITGB3/PLA2G2A/SCUBE3/ELN/SPINT2",98
"BP","GO:0002697","regulation of immune effector process","109/3193","441/17913",0.000146043519094142,0.0261289037249901,0.0248454841307216,"IL6/IGHV2-5/TMBIM6/IGHV3-23/IGLV2-11/LTA/CR2/SERPINB4/IGKV3-20/IGHG4/CD177/PUM2/IGLV3-21/C1R/C1S/TSPAN6/IGLV6-57/IL10/IGKV2D-28/TGFB2/C4BPB/IGLV1-44/NFKBIZ/IGHV1-69/IGKV4-1/IGLC3/CEACAM1/ARG1/IGHG3/IGKV1-16/TLR3/IGHG2/IGHV4-39/C3/IGKV2-28/SYK/MZB1/IGHV3-7/CFHR1/SERPING1/PTAFR/LBP/PCBP2/PAXIP1/AIM2/CLCF1/IGLV3-27/IGHV4-59/TLR4/IGLC7/RARA/IL1R1/IGHG1/IGKV2D-30/DDX21/IGLV1-47/IGLV2-23/IGLV2-14/BCL10/RAET1G/IRAK3/IGKV2-30/IFNL1/LAMP1/ADGRE2/ANXA1/BCL6/FCER2/IFIT1/IGHV3-48/IGHV3-53/FOXP3/AGER/IGLV3-1/IGKV3D-20/MICA/LOXL3/TRIM38/PROS1/C5AR2/PVR/NCR3/TLR9/IL18R1/IGHV3-33/TGFB3/IGLC6/ATG5/IGKV2-29/PRAM1/TRAF3/FCRL3/C7/USP17L2/IGKV1-39/IGHV4-34/IGHV3-13/GAB2/RIOK3/CLEC4G/MAPK14/CFH/IGKV1D-33/DUSP22/SNX4/FGR/IGLV3-25/CD19/RIPK3",109
"BP","GO:0030049","muscle filament sliding","17/3193","39/17913",0.000166169821201844,0.0280780839547449,0.0266989230264366,"TNNI1/TNNT2/TNNI3/MYL2/MYH7/MYBPC3/MYL1/TCAP/ACTA1/MYH2/TPM4/TNNT1/MYBPC1/MYBPC2/TPM3/TNNC1/ACTN2",17
"BP","GO:0033275","actin-myosin filament sliding","17/3193","39/17913",0.000166169821201844,0.0280780839547449,0.0266989230264366,"TNNI1/TNNT2/TNNI3/MYL2/MYH7/MYBPC3/MYL1/TCAP/ACTA1/MYH2/TPM4/TNNT1/MYBPC1/MYBPC2/TPM3/TNNC1/ACTN2",17
"BP","GO:0002449","lymphocyte mediated immunity","77/3193","293/17913",0.000181256904298034,0.029799614833647,0.0283358944272459,"IL6/BCL3/IGHV2-5/IGHV3-23/IGLV2-11/LTA/CR2/SERPINB4/IGKV3-20/IGHG4/IGLV3-21/C1R/C1RL/C1S/IGLV6-57/IL10/IGKV2D-28/C4BPB/ULBP3/IGLV1-44/IGHV1-69/IGKV4-1/IGLC3/CEACAM1/ARG1/IGHG3/IGKV1-16/IGHG2/IGHV4-39/C3/IGKV2-28/IGHV3-7/SLC11A1/SERPING1/PAXIP1/CLCF1/IGLV3-27/IGHV4-59/IGLC7/IL1R1/IGHG1/IGKV2D-30/CD27/IGLV1-47/IGLV2-23/IGLV2-14/BCL10/RAET1G/IGKV2-30/LAMP1/BCL6/FCER2/IGHV3-48/IGHV3-53/FOXP3/AGER/IGLV3-1/IGKV3D-20/MICA/AIRE/PVR/NCR3/IL18R1/IGHV3-33/IGLC6/IGKV2-29/C7/IGKV1-39/IGHV4-34/IGHV3-13/CLEC4G/TCIRG1/IGKV1D-33/DUSP22/IGLV3-25/CD19/RIPK3",77
"BP","GO:0030323","respiratory tube development","50/3193","173/17913",0.00022017933099015,0.0346252555015205,0.0329245055644038,"ASCL1/ADAMTS2/FOXA1/ERRFI1/PHEX/ASXL1/TNC/SOX11/NODAL/PDGFRA/ARG1/SPDEF/SREBF1/RIDA/SPRY1/FSTL3/SPRY2/WNT2B/CRISPLD2/CHI3L1/LIF/FGFR2/MMP14/SMAD2/LAMA1/SOX9/CCDC39/EGFR/MAN1A2/SP3/FGF9/PGR/STRA6/ADA/FGF18/SAV1/LOXL3/FGFR1/HSD11B1/TRAF4/TGFB3/FGF10/EP300/TCF21/ADAMTSL2/CYP1A2/SRF/MAN2A1/HHIP/NOS3",50
"BP","GO:0048732","gland development","104/3193","422/17913",0.000229947879746342,0.0346252555015205,0.0329245055644038,"ASCL1/FOXA1/GHRHR/BCL2/ISL1/HOXB9/SERPINF1/PYGO2/DRD2/ELF3/CTC1/ASXL1/NEURL1/TNC/NODAL/IL10/HOXD3/VDR/TGFB2/INSM1/DDX39B/KALRN/CEACAM1/FGL1/PDGFRA/ARG1/COBL/HOXA3/SEMA3C/SEC63/HIF1A/DBP/CYP1A1/ALDH1A3/ERBB4/RXRA/FSTL3/SULF1/RREB1/RGN/CUL3/TWSG1/CDH1/TBX1/RARA/NTN1/SOD1/BTRC/FGFR2/SOCS2/ARHGAP35/SLC9A3R1/SMAD2/LAMA1/QDPR/FOXN1/SOX9/CCDC39/PITX1/EGFR/ASH1L/UPF2/SP3/USF2/IGSF3/SIX3/SMARCC1/PRL/PGR/ARID5B/STRA6/MESP1/ADA/CYP19A1/MED1/SIX1/PLAG1/MSX1/BCL2L11/DDR1/FOXE1/FGFR1/AIRE/SERPINA5/CAV1/TNFRSF11A/CSF1/TGFB3/BTBD7/EDAR/FGF10/SERPINB5/TCF21/ALOX15B/FOXC1/SRF/ARHGAP5/HOXB3/STAT5A/MAN2A1/ID4/WDR77/EPHA2/RIPK3",104
"BP","GO:0030324","lung development","49/3193","169/17913",0.000232892061025122,0.0346252555015205,0.0329245055644038,"ASCL1/ADAMTS2/FOXA1/ERRFI1/PHEX/ASXL1/TNC/SOX11/NODAL/PDGFRA/ARG1/SPDEF/SREBF1/RIDA/SPRY1/FSTL3/SPRY2/WNT2B/CRISPLD2/CHI3L1/LIF/FGFR2/MMP14/SMAD2/LAMA1/SOX9/CCDC39/EGFR/MAN1A2/SP3/FGF9/PGR/STRA6/ADA/FGF18/SAV1/LOXL3/FGFR1/HSD11B1/TGFB3/FGF10/EP300/TCF21/ADAMTSL2/CYP1A2/SRF/MAN2A1/HHIP/NOS3",49
"BP","GO:0002446","neutrophil mediated immunity","120/3193","499/17913",0.000233377523518386,0.0346252555015205,0.0329245055644038,"IL6/MVP/RETN/PGLYRP1/S100A8/SERPINA3/CEACAM6/TCN1/TNFAIP6/ASAH1/S100A9/MPO/IQGAP2/TLR2/CAB39/CRISP3/PGRMC1/CD177/FPR1/LAMTOR3/FCAR/ATAD3B/ANPEP/SERPINB3/ACE/CD58/CEACAM1/CPNE3/PYGL/MMP8/HK3/ARG1/CMTM6/CREG1/RNASET2/TOLLIP/PNP/FUCA1/C3/SLPI/SYK/S100P/MAGT1/S100A12/SLC27A2/LILRB2/GNS/CEACAM8/ANXA2/ALDH3B1/SLC11A1/GLIPR1/PTAFR/PRTN3/MS4A3/RNASE3/STOM/AZU1/SVIP/TMEM63A/PLAUR/OSCAR/PLD1/CRISPLD2/SIRPB1/CHI3L1/DEFA4/LCN2/PRG2/GOLGA7/RAP2C/YPEL5/ELANE/LAMP1/FOLR3/ATP6AP2/METTL7A/ATP11B/NEU1/HSPA1B/STK11IP/PSMD13/LAMP2/IDH1/ABCA13/MANBA/MGST1/CD68/ALAD/SIGLEC9/SNAP29/S100A11/MLEC/CNN2/PRCP/TUSC2/TMC6/B4GALT1/PRAM1/SNAP23/GGH/LILRB3/ALOX5/IMPDH1/PSAP/HUWE1/FPR2/GLB1/VNN1/DNAJC3/MAPK14/GAA/TCIRG1/FCN1/FGR/MCEMP1/ADGRG3/AOC1/ATP6V1D/LRMP",120
"BP","GO:0043312","neutrophil degranulation","117/3193","485/17913",0.000243366160254993,0.0352475322102649,0.0335162168070473,"MVP/RETN/PGLYRP1/S100A8/SERPINA3/CEACAM6/TCN1/TNFAIP6/ASAH1/S100A9/MPO/IQGAP2/TLR2/CAB39/CRISP3/PGRMC1/CD177/FPR1/LAMTOR3/FCAR/ATAD3B/ANPEP/SERPINB3/CD58/CEACAM1/CPNE3/PYGL/MMP8/HK3/ARG1/CMTM6/CREG1/RNASET2/TOLLIP/PNP/FUCA1/C3/SLPI/SYK/S100P/MAGT1/S100A12/SLC27A2/LILRB2/GNS/CEACAM8/ANXA2/ALDH3B1/SLC11A1/GLIPR1/PTAFR/PRTN3/MS4A3/RNASE3/STOM/AZU1/SVIP/TMEM63A/PLAUR/OSCAR/PLD1/CRISPLD2/SIRPB1/CHI3L1/DEFA4/LCN2/PRG2/GOLGA7/RAP2C/YPEL5/ELANE/LAMP1/FOLR3/ATP6AP2/METTL7A/ATP11B/NEU1/HSPA1B/STK11IP/PSMD13/LAMP2/IDH1/ABCA13/MANBA/MGST1/CD68/ALAD/SIGLEC9/SNAP29/S100A11/MLEC/CNN2/PRCP/TMC6/B4GALT1/PRAM1/SNAP23/GGH/LILRB3/ALOX5/IMPDH1/PSAP/HUWE1/FPR2/GLB1/VNN1/DNAJC3/MAPK14/GAA/TCIRG1/FCN1/FGR/MCEMP1/ADGRG3/AOC1/ATP6V1D/LRMP",117
"BP","GO:0038093","Fc receptor signaling pathway","65/3193","241/17913",0.000256486541474291,0.0362550181396973,0.0344742162675336,"PRKCQ/IGHV2-5/IGHV3-23/IGLV2-11/IGKV3-20/IGHG4/PIK3CB/IGLV3-21/IGLV6-57/IGKV2D-28/ARPC1B/IGLV1-44/IGHV1-69/IGKV4-1/IGLC3/IGHG3/IGKV1-16/SHC1/IGHG2/IGHV4-39/IGKV2-28/SYK/MYH2/IGHV3-7/VAV2/IGLV3-27/MYO10/IGHV4-59/IGLC7/IGHG1/BTRC/IGKV2D-30/CYFIP2/TAB2/FBXW11/IGLV1-47/PIK3R2/IGLV2-23/IGLV2-14/WIPF2/BCL10/IGKV2-30/PSMD13/PSMD10/IGHV3-48/IGHV3-53/PSMC6/IGLV3-1/IGKV3D-20/SKP1/IGHV3-33/NFATC3/IGLC6/PLPP4/IGKV2-29/PTK2/MAPK9/IGKV1-39/IGHV4-34/KIT/IGHV3-13/GAB2/IGKV1D-33/FGR/IGLV3-25",65
"BP","GO:0070098","chemokine-mediated signaling pathway","20/3193","51/17913",0.000262242445856762,0.0362550181396973,0.0344742162675336,"THPO/MPL/EDN1/ACKR2/ACKR3/CX3CR1/HIF1A/CXCR6/CCR7/RBM15/GPR17/ACKR4/PTK2B/CXCR3/TREM2/CCL21/OXSR1/FOXC1/CMKLR1/CCR9",20
"BP","GO:0007200","phospholipase C-activating G protein-coupled receptor signaling pathway","25/3193","70/17913",0.000270833317853738,0.0366106460556508,0.0348123761779249,"CALCA/CHGA/GRP/DRD2/EDN1/FPR1/GALR2/CX3CR1/GRPR/AGT/GPR27/P2RY6/SLC9A3R1/LPAR1/HCRT/P2RY4/ADRA2A/HOMER1/F2RL3/GNA15/NMUR1/LHCGR/P2RY2/OPRD1/ACTN2",25
"BP","GO:0032602","chemokine production","29/3193","86/17913",0.000286005376754586,0.0378211023216988,0.0359633763218867,"IL6/S100A8/S100A9/TLR2/IL10/C1QTNF3/MBP/APP/TLR3/HIF1A/IL7/TWIST1/IL1RL1/LBP/AZU1/TLR4/LPL/ELANE/MIR590/LRP1/EIF2AK2/AGER/TUSC2/AIRE/TREM2/TLR9/ALOX15B/APOD/EPHA2",29
"BP","GO:0002283","neutrophil activation involved in immune response","117/3193","488/17913",0.000314655855512217,0.0407245014698046,0.0387241640770355,"MVP/RETN/PGLYRP1/S100A8/SERPINA3/CEACAM6/TCN1/TNFAIP6/ASAH1/S100A9/MPO/IQGAP2/TLR2/CAB39/CRISP3/PGRMC1/CD177/FPR1/LAMTOR3/FCAR/ATAD3B/ANPEP/SERPINB3/CD58/CEACAM1/CPNE3/PYGL/MMP8/HK3/ARG1/CMTM6/CREG1/RNASET2/TOLLIP/PNP/FUCA1/C3/SLPI/SYK/S100P/MAGT1/S100A12/SLC27A2/LILRB2/GNS/CEACAM8/ANXA2/ALDH3B1/SLC11A1/GLIPR1/PTAFR/PRTN3/MS4A3/RNASE3/STOM/AZU1/SVIP/TMEM63A/PLAUR/OSCAR/PLD1/CRISPLD2/SIRPB1/CHI3L1/DEFA4/LCN2/PRG2/GOLGA7/RAP2C/YPEL5/ELANE/LAMP1/FOLR3/ATP6AP2/METTL7A/ATP11B/NEU1/HSPA1B/STK11IP/PSMD13/LAMP2/IDH1/ABCA13/MANBA/MGST1/CD68/ALAD/SIGLEC9/SNAP29/S100A11/MLEC/CNN2/PRCP/TMC6/B4GALT1/PRAM1/SNAP23/GGH/LILRB3/ALOX5/IMPDH1/PSAP/HUWE1/FPR2/GLB1/VNN1/DNAJC3/MAPK14/GAA/TCIRG1/FCN1/FGR/MCEMP1/ADGRG3/AOC1/ATP6V1D/LRMP",117
"BP","GO:0010171","body morphogenesis","19/3193","48/17913",0.000322240964674695,0.0408373289190868,0.0388314495808651,"PAX9/CSRNP1/DKK1/PDGFRA/GNAS/CRISPLD2/TBX1/ATP6AP2/ARID5B/STRA6/GREM2/MSX1/FUZ/TGFB3/EP300/PLEKHA1/IFT122/ASPH/ZNF281",19
"BP","GO:0046330","positive regulation of JNK cascade","38/3193","124/17913",0.000340402758418878,0.0422585710094293,0.040182882008845,"GADD45A/DKK1/GADD45B/EDN1/HIPK2/MAP3K6/APP/MMP8/DUSP19/ERN2/TLR3/SYK/NOD1/CCR7/TLR4/NRK/SERPINF2/SH3RF3/CD27/MINK1/PTK2B/MAPK8IP1/AGER/NCF1/MAPK8IP3/ERN1/NOX1/TRAF4/TAOK3/TLR9/TNFRSF11A/MAP4K1/CCL21/TAOK2/FZD8/DAXX/MAP3K12/PTPN1",38
"BP","GO:1901224","positive regulation of NIK/NF-kappaB signaling","26/3193","75/17913",0.000354355265424595,0.0431108615915563,0.0409933091264874,"PTP4A3/TLR2/EDN1/ILK/APP/MMP8/CARD14/TLR3/SPHK1/NOD1/TLR4/CHI3L1/CD27/TNFRSF10B/EGFR/EIF2AK2/AGER/TNFRSF10A/TRAF4/TREM2/TLR9/IL18R1/EDAR/EP300/NLRP12/LIMS1",26
"BP","GO:0002429","immune response-activating cell surface receptor signaling pathway","98/3193","399/17913",0.000388777165058933,0.0463712057853626,0.0440935092259822,"RUNX1/MUC21/MUC16/BCL2/PRKCQ/IGHV2-5/MUC1/IGHV3-23/IGLV2-11/CR2/IGKV3-20/IGHG4/PIK3CB/IGLV3-21/IGLV6-57/GCSAM/PRNP/IGKV2D-28/ARPC1B/MUC15/IGLV1-44/NFKBIZ/EIF2B4/IGHV1-69/IGKV4-1/IGLC3/CEACAM1/PRKACB/MUC4/CD79A/IGHG3/IGKV1-16/IGHG2/IGHV4-39/EIF2B5/IGKV2-28/SYK/TRAV29DV5/MYH2/IGHV3-7/HLA-DQB2/CCR7/VAV2/IGLV3-27/MYO10/IGHV4-59/IGLC7/IGHG1/BTRC/IGKV2D-30/CYFIP2/TAB2/FBXW11/THEMIS2/IGLV1-47/PIK3R2/IGLV2-23/IGLV2-14/WIPF2/BCL10/MS4A1/RAB29/IGKV2-30/MUC5B/PSMD13/PSMD10/ADA/IGHV3-48/IGHV3-53/FOXP3/PSMC6/IGLV3-1/IGKV3D-20/ICAM3/BLK/SKP1/C5AR2/NCR3/IGHV3-33/IGLC6/PLPP4/IGKV2-29/EP300/PTK2/PLEKHA1/FCRL3/IGKV1-39/IGHV4-34/IGHV3-13/STAP1/EIF2B3/IGKV1D-33/DUSP22/FCN1/FGR/SPPL3/IGLV3-25/CD19",98
"CC","GO:0072562","blood microparticle","48/3283","147/18678",6.57658292962765e-06,0.0045904548848801,0.00440977192228717,"HBG2/SLC4A1/SERPINA3/HSPA1L/IGHV3-23/IGKV3-20/IGHG4/IGLV3-21/C1R/C1S/IGKV2D-28/PON1/IGKV4-1/IGLC3/IGHG3/ACTA1/IGHG2/C3/AGT/FN1/IGHV3-7/CFHR1/SERPING1/IGHA2/STOM/ITIH2/HSPA2/SERPINF2/ACTG2/IGHG1/IGLV1-47/IGKV2-30/IGHA1/HSPA1B/HBD/ALB/BCHE/HBA1/PROS1/APOE/ZBTB38/POTEF/IGKV1-39/IGHV3-13/CFH/IGKV1D-33/TMPRSS13/IGLV3-25",48
"CC","GO:0035577","azurophil granule membrane","23/3283","58/18678",6.07399185371447e-05,0.0165779407931292,0.0159254234432564,"CEACAM6/FPR1/CPNE3/CMTM6/MAGT1/CEACAM8/GLIPR1/STOM/AZU1/LAMP1/ATP11B/LAMP2/ABCA13/MANBA/MGST1/CD68/SNAP29/PRCP/B4GALT1/PSAP/VNN1/GAA/LRMP",23
"CC","GO:0062023","collagen-containing extracellular matrix","100/3283","399/18678",9.17048393717632e-05,0.0165779407931292,0.0159254234432564,"ADAMTS4/PRG4/COL6A3/ADAMTS2/S100A8/SERPINA3/AZGP1/S100A9/VCAN/SERPINF1/TIMP1/MFAP5/SRPX2/COL11A1/SERPINB8/THBS1/TNC/GPC6/SOST/VWC2/TGFBI/TGFB2/ADAMTS1/MATN2/COL10A1/PCOLCE/MMP8/ECM1/EMILIN1/LAMB4/F3/SFRP2/ADAMTSL4/MGP/LUM/AGT/SLPI/SEMA3B/MMRN1/IL7/FN1/SDC2/LMAN1/ANXA2/P3H1/COL6A6/SERPING1/COL9A3/PRTN3/SULF1/WNT2B/ITIH2/BGN/CTHRC1/SERPINF2/NTN1/GH1/FBLN2/PRG2/FGFR2/COL6A2/PODNL1/COL5A1/PODN/LAMA1/ELANE/FGFBP3/S100A6/FREM2/ANXA1/LAMA3/FGF9/COL5A2/ADAM19/ADAMTS8/PCSK6/ADAMTS9/ADAMTS3/COMP/BCAM/APOE/THBS2/EYS/LAMA2/NID1/SERPINA5/TGFB3/GPC4/FGF10/EMILIN3/INHBE/SMOC1/COL3A1/PSAP/TNXB/FREM3/ANXA4/TECTA/FCN1/ELN",100
"CC","GO:0031012","extracellular matrix","114/3283","468/18678",0.000109964955167444,0.0165779407931292,0.0159254234432564,"MMP3/ADAMTS4/PRG4/MMP19/COL6A3/ADAMTS2/S100A8/SERPINA3/AZGP1/S100A9/VCAN/SERPINF1/TIMP1/MFAP5/SRPX2/COL11A1/SERPINB8/CRISP3/THBS1/TNC/GPC6/SOST/VWC2/TGFBI/TGFB2/ADAMTS1/MATN2/COL10A1/PCOLCE/MMP8/MUC4/ECM1/EMILIN1/LAMB4/ALPL/F3/SFRP2/ADAMTSL4/MGP/LUM/AGT/SLPI/SEMA3B/MMRN1/PHOSPHO1/IL7/FN1/SDC2/LMAN1/ANXA2/P3H1/COL6A6/SERPING1/COL9A3/PRTN3/SULF1/WNT2B/ITIH2/CRISPLD2/BGN/CTHRC1/SERPINF2/NTN1/CHI3L1/GH1/FBLN2/PRG2/FGFR2/COL6A2/MMP14/PODNL1/COL5A1/PODN/LAMA1/RELN/ELANE/FGFBP3/S100A6/FREM2/ANXA1/LAMA3/FGF9/COL5A2/ADAM19/ADAMTS8/PCSK6/ADAMTS9/ADAMTS3/COMP/BCAM/APOE/THBS2/EYS/ANOS1/LAMA2/NID1/SERPINA5/TGFB3/GPC4/FGF10/EMILIN3/INHBE/SMOC1/COL3A1/ADAMTSL2/PSAP/OLFML2A/TNXB/FREM3/ANXA4/TECTA/MMP17/FCN1/ELN",114
"CC","GO:0005766","primary lysosome","46/3283","155/18678",0.000142503789052686,0.0165779407931292,0.0159254234432564,"RETN/SERPINA3/CEACAM6/MPO/FPR1/SERPINB3/CPNE3/ARG1/CMTM6/CREG1/RNASET2/TOLLIP/FUCA1/C3/MAGT1/DEFA3/GNS/CEACAM8/ANXA2/GLIPR1/PRTN3/RNASE3/STOM/AZU1/DEFA4/ELANE/LAMP1/ATP11B/STK11IP/LAMP2/ABCA13/MANBA/MGST1/CD68/SNAP29/PRCP/B4GALT1/SNAP23/GGH/IMPDH1/PSAP/GLB1/VNN1/DNAJC3/GAA/LRMP",46
"CC","GO:0042582","azurophil granule","46/3283","155/18678",0.000142503789052686,0.0165779407931292,0.0159254234432564,"RETN/SERPINA3/CEACAM6/MPO/FPR1/SERPINB3/CPNE3/ARG1/CMTM6/CREG1/RNASET2/TOLLIP/FUCA1/C3/MAGT1/DEFA3/GNS/CEACAM8/ANXA2/GLIPR1/PRTN3/RNASE3/STOM/AZU1/DEFA4/ELANE/LAMP1/ATP11B/STK11IP/LAMP2/ABCA13/MANBA/MGST1/CD68/SNAP29/PRCP/B4GALT1/SNAP23/GGH/IMPDH1/PSAP/GLB1/VNN1/DNAJC3/GAA/LRMP",46
"CC","GO:0009897","external side of plasma membrane","55/3283","199/18678",0.000268926056570859,0.0262370144600832,0.0252043103771271,"UMODL1/CEACAM5/LRP2/PRND/TFR2/THBS1/TMEM123/PRNP/IGSF21/ANPEP/FOLR1/ACE/PDGFRA/RTN4R/CD79A/F3/CD163/CLCN3/LY6G5B/IL1RL1/ITGA5/TLR4/ASTN1/IL1R1/ADAM9/RTN4RL2/MS4A1/LAMP1/ECE1/ATP6AP2/ANXA1/AMOT/SLC22A11/VTCN1/ADA/FCER2/SCNN1G/ENOX2/CHRNB2/BCAM/EPHA5/HYAL2/CAPN2/SERPINA5/TNFRSF11A/CD83/B4GALT1/GPC4/ITGAE/MCAM/KIT/FCN1/AQP4/LDLR/CD19",55
"CC","GO:0030667","secretory granule membrane","75/3283","293/18678",0.000334325584810943,0.0262370144600832,0.0252043103771271,"SYT4/CEACAM6/SCG3/IQGAP2/TLR2/SYTL4/PGRMC1/CD177/FPR1/LAMTOR3/FCAR/ATAD3B/ANPEP/CD58/CEACAM1/CPNE3/CMTM6/SYT9/PHACTR2/MAGT1/SLC27A2/LILRB2/CEACAM8/ALDH3B1/SLC11A1/GLIPR1/APLP2/PTAFR/MS4A3/STOM/AZU1/SVIP/TMEM63A/DMBT1/CPE/PLAUR/TMED10/PLD1/SIRPB1/TMEM184A/RAP2C/ITPR1/LAMP1/ATP6AP2/ATP11B/SYT5/SLC30A5/LAMP2/ABCA13/MANBA/SPACA3/MGST1/CD68/SIGLEC9/SNAP29/MLEC/PRCP/SLC30A8/TMED2/TMC6/SERPINA5/CAV1/B4GALT1/SNAP23/LILRB3/PSAP/FPR2/VNN1/ITGB3/GAA/TCIRG1/MCEMP1/ADGRG3/ATP6V1D/LRMP",75
"CC","GO:0031225","anchored component of membrane","45/3283","156/18678",0.000338299613382162,0.0262370144600832,0.0252043103771271,"GFRA4/CEACAM5/XPNPEP2/CEACAM6/PRND/SYN1/CD177/GPC6/LY6D/CNTN5/RAB4A/PRNP/IGSF21/FOLR1/CNTN1/ULBP3/RTN4R/ALPL/RAB3C/TFPI/GAS1/PRSS21/CEACAM7/CEACAM8/SVIP/PLAUR/MSLN/LYPD3/VNN3/RGMA/RTN4RL2/RAET1G/LYPD2/CPO/HYAL2/CNTN3/GPC4/LY6L/MDGA2/VNN1/CPM/LYNX1/TECTA/MMP17/ZFAND2B",45
"CC","GO:0030658","transport vesicle membrane","51/3283","188/18678",0.0007029117536158,0.0476335639473607,0.0457586792858826,"CHGA/PTPRN/SYT4/SCG3/SH3GL2/DRD2/AFTPH/SYN1/SEC23A/SYTL4/MCFD2/RAB4A/SLC18A1/FOLR1/CEACAM1/AP2A1/SYN2/RAB3C/VAMP3/SVOP/SYT7/CLCN3/SYT9/SREBF1/GRIA1/LMAN1/HLA-DQB2/LAMP5/DOC2A/CPE/SYPL1/TMED10/TMEM184A/AMPH/ITPR1/LAMP1/CALM3/CBARP/TPRG1L/DNM1L/VMA21/SLC30A8/TMED2/SLC6A9/SEMA4C/SLC6A17/GABRA2/SLC30A3/OPRD1/CLTCL1/SLC9B2",51
"CC","GO:0031983","vesicle lumen","83/3283","339/18678",0.000750672211204824,0.0476335639473607,0.0457586792858826,"GRP/MVP/RETN/PGLYRP1/S100A8/SERPINA3/TCN1/IGF1/SCG3/S100A9/GTPBP2/MPO/TIMP1/CAB39/CRISP3/THBS1/PCSK1/F5/TGFB2/SERPINB3/APP/ACTN1/PYGL/MMP8/HK3/ARG1/ECM1/CREG1/RNASET2/TOLLIP/PNP/FUCA1/C3/SLPI/MMRN1/S100P/FAM3C/SAA1/S100A12/FN1/DEFA3/GNS/ANXA2/SERPING1/PRTN3/RNASE3/AZU1/OSCAR/CRISPLD2/SERPINF2/CHI3L1/DEFA4/LCN2/ELANE/FOLR3/EGFR/NEU1/STK11IP/PSMD13/IDH1/ADA/ALB/ALAD/HBA1/S100A11/PROS1/CNN2/APOE/POMC/TGFB3/GGH/ALOX5/IMPDH1/HUWE1/GLB1/NHLRC2/DNAJC3/MAPK14/SCCPDH/FCN1/FGR/AOC1/ACTN2",83
"CC","GO:0001725","stress fiber","20/3283","56/18678",0.000896417648114128,0.0481307321833586,0.0462362786922024,"MST1R/ZYX/MYH7/PDLIM4/FBLIM1/ACTN1/ACTA1/MICALL2/SYNPO2/NEBL/NOX4/LIMCH1/TPM4/ABLIM3/CNN2/PTK2/PXN/PDLIM7/TPM3/FERMT2",20
"CC","GO:0097517","contractile actin filament bundle","20/3283","56/18678",0.000896417648114128,0.0481307321833586,0.0462362786922024,"MST1R/ZYX/MYH7/PDLIM4/FBLIM1/ACTN1/ACTA1/MICALL2/SYNPO2/NEBL/NOX4/LIMCH1/TPM4/ABLIM3/CNN2/PTK2/PXN/PDLIM7/TPM3/FERMT2",20
"MF","GO:0003823","antigen binding","53/3174","150/16969",1.01392663703071e-06,0.00100784307720853,0.00098724435710885,"IGHV2-5/IGLV3-9/IGHV3-23/IGLV2-11/IGKV3-20/IGLV3-21/IGKV3D-7/IGLV9-49/IGLV6-57/IGKV2D-28/IGLV1-44/IGHV1-69/IGKV4-1/IGLV3-10/IGKV1-16/IGHV4-39/IGKV2-28/IGLV10-54/TRAV29DV5/IGHV3-7/IGKV1-6/IGHA2/IGLV3-27/IGHV4-59/IGKV6-21/IGHG1/IGKV2D-30/IGLV1-47/IGLV2-23/IGLV2-14/IGKV2-30/IGKV1-13/IGHA1/IGKV1D-17/IGLV5-52/IGHV3-48/IGHV3-53/IGLV3-1/IGKV3D-20/IGLV2-18/IGHV3-33/TOPORS/IGKV2-29/IGKV1D-8/IGKV1-39/IGHV4-34/IGHV3-13/IGLV7-46/IGKV1-27/SLC7A9/IGKV1D-33/IGLV3-25/IGKV2-24",53
